"edelta"	"All"	"Matching-tdelta-0"	"Proved"	"0.005"	
"edelta"	"All"	"No-Overlap-tdelta-0-1-0"	"Proved"	"0.007"	
"edelta"	"All"	"Matching-cdelta-0"	"Proved"	"0.005"	
"edelta"	"All"	"No-Overlap-cdelta-0-1-0"	"Proved"	"0.008"	
"edelta"	"All"	"Matching-fit-0"	"Proved"	"0.016"	
"edelta"	"All"	"No-Overlap-fit-0-1-0"	"Proved"	"0.009"	
"edelta"	"All"	"No-Overlap-fit-0-2-0"	"Proved"	"0.007"	
"edelta"	"All"	"No-Overlap-fit-0-3-0"	"Proved"	"0.01"	
"edelta"	"All"	"No-Overlap-fit-0-4-0"	"Proved"	"0.009"	
"edelta"	"All"	"No-Overlap-fit-1-2-0"	"Proved"	"0.01"	
"edelta"	"All"	"No-Overlap-fit-1-3-0"	"Proved"	"0.01"	
"edelta"	"All"	"No-Overlap-fit-1-4-0"	"Proved"	"0.011"	
"edelta"	"All"	"No-Overlap-fit-2-3-0"	"Proved"	"0.011"	
"edelta"	"All"	"No-Overlap-fit-2-4-0"	"Proved"	"0.009"	
"edelta"	"All"	"No-Overlap-fit-3-4-0"	"Proved"	"0.013"	
"edelta"	"All"	"Matching-edelta-0"	"Proved"	"0.022"	
"edelta"	"All"	"No-Overlap-edelta-0-1-0"	"Proved"	"0.009"	
"edelta"	"All"	"No-Overlap-edelta-0-2-0"	"Proved"	"0.007"	
"edelta"	"All"	"No-Overlap-edelta-0-3-0"	"Proved"	"0.01"	
"edelta"	"All"	"No-Overlap-edelta-0-4-0"	"Proved"	"0.011"	
"edelta"	"All"	"No-Overlap-edelta-1-2-0"	"Proved"	"0.01"	
"edelta"	"All"	"No-Overlap-edelta-1-3-0"	"Proved"	"0.01"	
"edelta"	"All"	"No-Overlap-edelta-1-4-0"	"Proved"	"0.01"	
"edelta"	"All"	"No-Overlap-edelta-2-3-0"	"Proved"	"0.013"	
"edelta"	"All"	"No-Overlap-edelta-2-4-0"	"Proved"	"0.01"	
"edelta"	"All"	"No-Overlap-edelta-3-4-0"	"Proved"	"0.011"	
"edelta"	"All"	"Contract-Compliance-tdelta-rewrite-1-tdelta-0-0"	"Proved"	"0.006"	
"edelta"	"All"	"Contract-Compliance-tdelta-rewrite-1-tdelta-1-0"	"Proved"	"0.008"	
"edelta"	"All"	"Contract-Compliance-tdelta-rule-0-tdelta-0-0"	"Proved"	"0.004"	
"edelta"	"All"	"Contract-Compliance-cdelta-rewrite-1-tdelta-0-0"	"Proved"	"0.006"	
"edelta"	"All"	"Contract-Compliance-cdelta-rewrite-1-cdelta-0-0"	"Proved"	"0.017"	
"edelta"	"All"	"Contract-Compliance-cdelta-rule-0-cdelta-0-0"	"Proved"	"0.003"	
"edelta"	"All"	"Contract-Compliance-cdelta-rule-1-cdelta-0-0"	"Proved"	"0.003"	
"edelta"	"All"	"Contract-Compliance-cdelta-rule-1-tdelta-0-0"	"Proved"	"0.004"	
"edelta"	"All"	"Contract-Compliance-cdelta-rule-2-cdelta-0-0"	"Proved"	"0.004"	
"edelta"	"All"	"Contract-Compliance-fit-rewrite-2-fit-0-0"	"Proved"	"0.338"	
"edelta"	"All"	"Contract-Compliance-fit-rewrite-2-fit-0-1"	"Proved"	"0.003"	
"edelta"	"All"	"Contract-Compliance-fit-rewrite-2-fit-1-0"	"Proved"	"0.311"	
"edelta"	"All"	"Contract-Compliance-fit-rewrite-2-fit-1-1"	"Proved"	"0.004"	
"edelta"	"All"	"Contract-Compliance-fit-rewrite-3-fit-0-0"	"Proved"	"0.354"	
"edelta"	"All"	"Contract-Compliance-fit-rewrite-3-fit-0-1"	"Proved"	"0.013"	
"edelta"	"All"	"Contract-Compliance-fit-rewrite-4-fit-0-0"	"Proved"	"0.004"	
"edelta"	"All"	"Contract-Compliance-fit-rewrite-4-fit-0-1"	"Proved"	"0.003"	
"edelta"	"All"	"Contract-Compliance-fit-rewrite-4-fit-1-0"	"Proved"	"9.792"	
"edelta"	"All"	"Contract-Compliance-fit-rewrite-4-fit-1-1"	"Proved"	"0.004"	
"edelta"	"All"	"Contract-Compliance-fit-rule-0-fit-0-0"	"Proved"	"0.004"	
"edelta"	"All"	"Contract-Compliance-fit-rule-0-fit-0-1"	"Proved"	"0.004"	
"edelta"	"All"	"Contract-Compliance-fit-rule-0-cdelta-0-0"	"Proved"	"0.004"	
"edelta"	"All"	"Contract-Compliance-edelta-rewrite-2-edelta-0-0"	"Proved"	"0.351"	
"edelta"	"All"	"Contract-Compliance-edelta-rewrite-2-edelta-0-1"	"Proved"	"0.005"	
"edelta"	"All"	"Contract-Compliance-edelta-rewrite-2-edelta-1-0"	"Proved"	"0.302"	
"edelta"	"All"	"Contract-Compliance-edelta-rewrite-2-edelta-1-1"	"Proved"	"0.004"	
"edelta"	"All"	"Contract-Compliance-edelta-rewrite-3-edelta-0-0"	"Proved"	"0.37"	
"edelta"	"All"	"Contract-Compliance-edelta-rewrite-3-edelta-0-1"	"Proved"	"0.011"	
"edelta"	"All"	"Contract-Compliance-edelta-rewrite-3-tdelta-0-0"	"Proved"	"0.013"	
"edelta"	"All"	"Contract-Compliance-edelta-rewrite-4-fit-0-0"	"Proved"	"9.804"	
"edelta"	"All"	"Contract-Compliance-edelta-rewrite-4-fit-0-1"	"Proved"	"0.004"	
"edelta"	"All"	"Contract-Compliance-edelta-rewrite-4-edelta-0-0"	"Proved"	"0.003"	
"edelta"	"All"	"Contract-Compliance-edelta-rewrite-4-edelta-0-1"	"Proved"	"0.004"	
"edelta"	"All"	"Contract-Compliance-edelta-rewrite-4-edelta-1-0"	"Proved"	"9.803"	
"edelta"	"All"	"Contract-Compliance-edelta-rewrite-4-edelta-1-1"	"Proved"	"0.004"	
"edelta"	"All"	"Contract-Compliance-edelta-rule-0-edelta-0-0"	"Proved"	"0.005"	
"edelta"	"All"	"Contract-Compliance-edelta-rule-0-edelta-0-1"	"Proved"	"0.004"	
"edelta"	"All"	"Contract-Compliance-edelta-rule-0-tdelta-0-0"	"Proved"	"0.006"	
"edelta"	"All"	"Contract-Compliance-edelta-rule-0-cdelta-0-0"	"Proved"	"0.003"	
"edelta"	"All"	"TOk-tdelta-0-0"	"Proved"	"0.004"	
"edelta"	"All"	"TOk-tdelta-1-0"	"Proved"	"0.006"	
"edelta"	"All"	"TOk-tdelta-1-1"	"Proved"	"0.007"	
"edelta"	"All"	"TOk-tdelta-1-2"	"Proved"	"0.007"	
"edelta"	"All"	"Lookup-cdelta-v-0-0"	"Proved"	"0.007"	
"edelta"	"All"	"Lookup-cdelta-v-1-0"	"Proved"	"0.006"	
"edelta"	"All"	"Lookup-cdelta-v-1-1"	"Proved"	"0.106"	
"edelta"	"All"	"CtxOk-cdelta-0-0"	"Proved"	"0.004"	
"edelta"	"All"	"CtxOk-cdelta-1-0"	"Proved"	"0.007"	
"edelta"	"All"	"CtxOk-cdelta-1-1"	"Proved"	"0.006"	
"edelta"	"All"	"CtxOk-cdelta-1-2"	"Proved"	"0.006"	
"edelta"	"All"	"Typed-fit-0-0"	"Proved"	"22.469"	
"edelta"	"All"	"Typed-fit-1-0"	"Proved"	"0.004"	
"edelta"	"All"	"Typed-fit-2-0"	"Proved"	"0.008"	
"edelta"	"All"	"Typed-fit-2-1"	"Proved"	"0.014"	
"edelta"	"All"	"Typed-fit-2-2"	"Proved"	"0.012"	
"edelta"	"All"	"Typed-fit-3-0"	"Proved"	"0.011"	
"edelta"	"All"	"Typed-fit-3-2"	"Proved"	"0.011"	
"edelta"	"All"	"Typed-fit-4-0"	"Proved"	"0.009"	
"edelta"	"All"	"T-edelta-0-0"	"Proved"	"9.238"	
"edelta"	"All"	"T-edelta-1-0"	"Proved"	"0.01"	
"edelta"	"All"	"T-edelta-2-0"	"Proved"	"0.008"	
"edelta"	"All"	"T-edelta-2-1"	"Proved"	"0.012"	
"edelta"	"All"	"T-edelta-2-2"	"Proved"	"0.011"	
"edelta"	"All"	"T-edelta-3-0"	"Proved"	"0.008"	
"edelta"	"All"	"T-edelta-3-3"	"Proved"	"0.014"	
"edelta"	"All"	"T-edelta-3-4"	"Proved"	"0.009"	
"edelta"	"All"	"T-edelta-4-0"	"Proved"	"0.007"	
"edelta"	"NoUnpack"	"Matching-tdelta"	"Proved"	"0.005"	
"edelta"	"NoUnpack"	"No-Overlap-tdelta-0-1"	"Proved"	"0.007"	
"edelta"	"NoUnpack"	"Matching-cdelta"	"Proved"	"0.007"	
"edelta"	"NoUnpack"	"No-Overlap-cdelta-0-1"	"Proved"	"0.006"	
"edelta"	"NoUnpack"	"Matching-fit"	"Proved"	"0.016"	
"edelta"	"NoUnpack"	"No-Overlap-fit-0-1"	"Proved"	"0.006"	
"edelta"	"NoUnpack"	"No-Overlap-fit-0-2"	"Proved"	"0.007"	
"edelta"	"NoUnpack"	"No-Overlap-fit-0-3"	"Proved"	"0.008"	
"edelta"	"NoUnpack"	"No-Overlap-fit-0-4"	"Proved"	"0.007"	
"edelta"	"NoUnpack"	"No-Overlap-fit-1-2"	"Proved"	"0.007"	
"edelta"	"NoUnpack"	"No-Overlap-fit-1-3"	"Proved"	"0.009"	
"edelta"	"NoUnpack"	"No-Overlap-fit-1-4"	"Proved"	"0.008"	
"edelta"	"NoUnpack"	"No-Overlap-fit-2-3"	"Proved"	"0.008"	
"edelta"	"NoUnpack"	"No-Overlap-fit-2-4"	"Proved"	"0.009"	
"edelta"	"NoUnpack"	"No-Overlap-fit-3-4"	"Proved"	"0.009"	
"edelta"	"NoUnpack"	"Matching-edelta"	"Proved"	"0.02"	
"edelta"	"NoUnpack"	"No-Overlap-edelta-0-1"	"Proved"	"0.007"	
"edelta"	"NoUnpack"	"No-Overlap-edelta-0-2"	"Proved"	"0.008"	
"edelta"	"NoUnpack"	"No-Overlap-edelta-0-3"	"Proved"	"0.011"	
"edelta"	"NoUnpack"	"No-Overlap-edelta-0-4"	"Proved"	"0.009"	
"edelta"	"NoUnpack"	"No-Overlap-edelta-1-2"	"Proved"	"0.011"	
"edelta"	"NoUnpack"	"No-Overlap-edelta-1-3"	"Proved"	"0.013"	
"edelta"	"NoUnpack"	"No-Overlap-edelta-1-4"	"Proved"	"0.012"	
"edelta"	"NoUnpack"	"No-Overlap-edelta-2-3"	"Proved"	"0.009"	
"edelta"	"NoUnpack"	"No-Overlap-edelta-2-4"	"Proved"	"0.008"	
"edelta"	"NoUnpack"	"No-Overlap-edelta-3-4"	"Proved"	"0.009"	
"edelta"	"NoUnpack"	"Contract-Compliance-tdelta-rewrite-1-tdelta-0"	"Proved"	"0.006"	
"edelta"	"NoUnpack"	"Contract-Compliance-tdelta-rewrite-1-tdelta-1"	"Proved"	"0.008"	
"edelta"	"NoUnpack"	"Contract-Compliance-tdelta-rule-0-tdelta-0"	"Proved"	"0.006"	
"edelta"	"NoUnpack"	"Contract-Compliance-cdelta-rewrite-1-tdelta-0"	"Proved"	"0.009"	
"edelta"	"NoUnpack"	"Contract-Compliance-cdelta-rewrite-1-cdelta-0"	"Proved"	"0.015"	
"edelta"	"NoUnpack"	"Contract-Compliance-cdelta-rule-0-cdelta-0"	"Proved"	"0.006"	
"edelta"	"NoUnpack"	"Contract-Compliance-cdelta-rule-1-cdelta-0"	"Proved"	"0.005"	
"edelta"	"NoUnpack"	"Contract-Compliance-cdelta-rule-1-tdelta-0"	"Proved"	"0.006"	
"edelta"	"NoUnpack"	"Contract-Compliance-cdelta-rule-2-cdelta-0"	"Proved"	"0.005"	
"edelta"	"NoUnpack"	"Contract-Compliance-fit-rewrite-2-fit-0"	"Proved"	"0.309"	
"edelta"	"NoUnpack"	"Contract-Compliance-fit-rewrite-2-fit-1"	"Proved"	"0.337"	
"edelta"	"NoUnpack"	"Contract-Compliance-fit-rewrite-3-fit-0"	"Proved"	"0.267"	
"edelta"	"NoUnpack"	"Contract-Compliance-fit-rewrite-4-fit-0"	"Proved"	"0.005"	
"edelta"	"NoUnpack"	"Contract-Compliance-fit-rewrite-4-fit-1"	"Proved"	"9.791"	
"edelta"	"NoUnpack"	"Contract-Compliance-fit-rule-0-fit-0"	"Proved"	"0.005"	
"edelta"	"NoUnpack"	"Contract-Compliance-fit-rule-0-cdelta-0"	"Proved"	"0.005"	
"edelta"	"NoUnpack"	"Contract-Compliance-edelta-rewrite-2-edelta-0"	"Proved"	"0.303"	
"edelta"	"NoUnpack"	"Contract-Compliance-edelta-rewrite-2-edelta-1"	"Proved"	"0.311"	
"edelta"	"NoUnpack"	"Contract-Compliance-edelta-rewrite-3-edelta-0"	"Proved"	"0.286"	
"edelta"	"NoUnpack"	"Contract-Compliance-edelta-rewrite-3-tdelta-0"	"Proved"	"0.011"	
"edelta"	"NoUnpack"	"Contract-Compliance-edelta-rewrite-4-fit-0"	"Proved"	"9.795"	
"edelta"	"NoUnpack"	"Contract-Compliance-edelta-rewrite-4-edelta-0"	"Proved"	"0.005"	
"edelta"	"NoUnpack"	"Contract-Compliance-edelta-rewrite-4-edelta-1"	"Proved"	"9.792"	
"edelta"	"NoUnpack"	"Contract-Compliance-edelta-rule-0-edelta-0"	"Proved"	"0.006"	
"edelta"	"NoUnpack"	"Contract-Compliance-edelta-rule-0-tdelta-0"	"Proved"	"0.006"	
"edelta"	"NoUnpack"	"Contract-Compliance-edelta-rule-0-cdelta-0"	"Proved"	"0.005"	
"edelta"	"NoUnpack"	"TOk-tdelta-0"	"Proved"	"0.005"	
"edelta"	"NoUnpack"	"TOk-tdelta-1"	"Proved"	"0.009"	
"edelta"	"NoUnpack"	"Lookup-cdelta-v-0"	"Proved"	"0.007"	
"edelta"	"NoUnpack"	"Lookup-cdelta-v-1"	"Inconclusive(Time limit)"	"30.053"	
"edelta"	"NoUnpack"	"CtxOk-cdelta-0"	"Proved"	"0.005"	
"edelta"	"NoUnpack"	"CtxOk-cdelta-1"	"Proved"	"2.782"	
"edelta"	"NoUnpack"	"Typed-fit-0"	"Proved"	"9.206"	
"edelta"	"NoUnpack"	"Typed-fit-1"	"Proved"	"0.009"	
"edelta"	"NoUnpack"	"Typed-fit-2"	"Proved"	"0.129"	
"edelta"	"NoUnpack"	"Typed-fit-3"	"Inconclusive(Time limit)"	"30.081"	
"edelta"	"NoUnpack"	"Typed-fit-4"	"Proved"	"0.011"	
"edelta"	"NoUnpack"	"T-edelta-0"	"Proved"	"9.248"	
"edelta"	"NoUnpack"	"T-edelta-1"	"Proved"	"0.01"	
"edelta"	"NoUnpack"	"T-edelta-2"	"Proved"	"0.206"	
"edelta"	"NoUnpack"	"T-edelta-3"	"Inconclusive(Time limit)"	"30.03"	
"edelta"	"NoUnpack"	"T-edelta-4"	"Proved"	"0.075"	
"edelta"	"NoNormalization"	"Matching-tdelta-0"	"Proved"	"0.005"	
"edelta"	"NoNormalization"	"No-Overlap-tdelta-0-1-0"	"Proved"	"0.006"	
"edelta"	"NoNormalization"	"Matching-cdelta-0"	"Proved"	"0.006"	
"edelta"	"NoNormalization"	"No-Overlap-cdelta-0-1-0"	"Proved"	"0.005"	
"edelta"	"NoNormalization"	"Matching-fit-0"	"Proved"	"0.013"	
"edelta"	"NoNormalization"	"No-Overlap-fit-0-1-0"	"Proved"	"0.007"	
"edelta"	"NoNormalization"	"No-Overlap-fit-0-2-0"	"Proved"	"0.008"	
"edelta"	"NoNormalization"	"No-Overlap-fit-0-3-0"	"Proved"	"0.008"	
"edelta"	"NoNormalization"	"No-Overlap-fit-0-4-0"	"Proved"	"0.007"	
"edelta"	"NoNormalization"	"No-Overlap-fit-1-2-0"	"Proved"	"0.007"	
"edelta"	"NoNormalization"	"No-Overlap-fit-1-3-0"	"Proved"	"0.009"	
"edelta"	"NoNormalization"	"No-Overlap-fit-1-4-0"	"Proved"	"0.008"	
"edelta"	"NoNormalization"	"No-Overlap-fit-2-3-0"	"Proved"	"0.009"	
"edelta"	"NoNormalization"	"No-Overlap-fit-2-4-0"	"Proved"	"0.008"	
"edelta"	"NoNormalization"	"No-Overlap-fit-3-4-0"	"Proved"	"0.008"	
"edelta"	"NoNormalization"	"Matching-edelta-0"	"Proved"	"0.019"	
"edelta"	"NoNormalization"	"No-Overlap-edelta-0-1-0"	"Proved"	"0.007"	
"edelta"	"NoNormalization"	"No-Overlap-edelta-0-2-0"	"Proved"	"0.006"	
"edelta"	"NoNormalization"	"No-Overlap-edelta-0-3-0"	"Proved"	"0.007"	
"edelta"	"NoNormalization"	"No-Overlap-edelta-0-4-0"	"Proved"	"0.008"	
"edelta"	"NoNormalization"	"No-Overlap-edelta-1-2-0"	"Proved"	"0.007"	
"edelta"	"NoNormalization"	"No-Overlap-edelta-1-3-0"	"Proved"	"0.009"	
"edelta"	"NoNormalization"	"No-Overlap-edelta-1-4-0"	"Proved"	"0.01"	
"edelta"	"NoNormalization"	"No-Overlap-edelta-2-3-0"	"Proved"	"0.01"	
"edelta"	"NoNormalization"	"No-Overlap-edelta-2-4-0"	"Proved"	"0.012"	
"edelta"	"NoNormalization"	"No-Overlap-edelta-3-4-0"	"Proved"	"0.008"	
"edelta"	"NoNormalization"	"Contract-Compliance-tdelta-rewrite-1-tdelta-0-0"	"Proved"	"0.007"	
"edelta"	"NoNormalization"	"Contract-Compliance-tdelta-rewrite-1-tdelta-1-0"	"Proved"	"0.006"	
"edelta"	"NoNormalization"	"Contract-Compliance-tdelta-rule-0-tdelta-0-0"	"Proved"	"0.003"	
"edelta"	"NoNormalization"	"Contract-Compliance-cdelta-rewrite-1-tdelta-0-0"	"Proved"	"0.006"	
"edelta"	"NoNormalization"	"Contract-Compliance-cdelta-rewrite-1-cdelta-0-0"	"Proved"	"0.016"	
"edelta"	"NoNormalization"	"Contract-Compliance-cdelta-rule-0-cdelta-0-0"	"Proved"	"0.003"	
"edelta"	"NoNormalization"	"Contract-Compliance-cdelta-rule-1-cdelta-0-0"	"Proved"	"0.004"	
"edelta"	"NoNormalization"	"Contract-Compliance-cdelta-rule-1-tdelta-0-0"	"Proved"	"0.005"	
"edelta"	"NoNormalization"	"Contract-Compliance-cdelta-rule-2-cdelta-0-0"	"Proved"	"0.003"	
"edelta"	"NoNormalization"	"Contract-Compliance-fit-rewrite-2-fit-0-0"	"Proved"	"0.308"	
"edelta"	"NoNormalization"	"Contract-Compliance-fit-rewrite-2-fit-0-1"	"Proved"	"0.003"	
"edelta"	"NoNormalization"	"Contract-Compliance-fit-rewrite-2-fit-1-0"	"Proved"	"0.306"	
"edelta"	"NoNormalization"	"Contract-Compliance-fit-rewrite-2-fit-1-1"	"Proved"	"0.004"	
"edelta"	"NoNormalization"	"Contract-Compliance-fit-rewrite-3-fit-0-0"	"Proved"	"0.37"	
"edelta"	"NoNormalization"	"Contract-Compliance-fit-rewrite-3-fit-0-1"	"Proved"	"0.01"	
"edelta"	"NoNormalization"	"Contract-Compliance-fit-rewrite-4-fit-0-0"	"Proved"	"0.003"	
"edelta"	"NoNormalization"	"Contract-Compliance-fit-rewrite-4-fit-0-1"	"Proved"	"0.004"	
"edelta"	"NoNormalization"	"Contract-Compliance-fit-rewrite-4-fit-1-0"	"Proved"	"9.804"	
"edelta"	"NoNormalization"	"Contract-Compliance-fit-rewrite-4-fit-1-1"	"Proved"	"0.005"	
"edelta"	"NoNormalization"	"Contract-Compliance-fit-rule-0-fit-0-0"	"Proved"	"0.004"	
"edelta"	"NoNormalization"	"Contract-Compliance-fit-rule-0-fit-0-1"	"Proved"	"0.003"	
"edelta"	"NoNormalization"	"Contract-Compliance-fit-rule-0-cdelta-0-0"	"Proved"	"0.003"	
"edelta"	"NoNormalization"	"Contract-Compliance-edelta-rewrite-2-edelta-0-0"	"Proved"	"0.304"	
"edelta"	"NoNormalization"	"Contract-Compliance-edelta-rewrite-2-edelta-0-1"	"Proved"	"0.003"	
"edelta"	"NoNormalization"	"Contract-Compliance-edelta-rewrite-2-edelta-1-0"	"Proved"	"0.315"	
"edelta"	"NoNormalization"	"Contract-Compliance-edelta-rewrite-2-edelta-1-1"	"Proved"	"0.003"	
"edelta"	"NoNormalization"	"Contract-Compliance-edelta-rewrite-3-edelta-0-0"	"Proved"	"0.384"	
"edelta"	"NoNormalization"	"Contract-Compliance-edelta-rewrite-3-edelta-0-1"	"Proved"	"0.015"	
"edelta"	"NoNormalization"	"Contract-Compliance-edelta-rewrite-3-tdelta-0-0"	"Proved"	"0.018"	
"edelta"	"NoNormalization"	"Contract-Compliance-edelta-rewrite-4-fit-0-0"	"Proved"	"9.798"	
"edelta"	"NoNormalization"	"Contract-Compliance-edelta-rewrite-4-fit-0-1"	"Proved"	"0.003"	
"edelta"	"NoNormalization"	"Contract-Compliance-edelta-rewrite-4-edelta-0-0"	"Proved"	"0.002"	
"edelta"	"NoNormalization"	"Contract-Compliance-edelta-rewrite-4-edelta-0-1"	"Proved"	"0.003"	
"edelta"	"NoNormalization"	"Contract-Compliance-edelta-rewrite-4-edelta-1-0"	"Proved"	"9.8"	
"edelta"	"NoNormalization"	"Contract-Compliance-edelta-rewrite-4-edelta-1-1"	"Proved"	"0.003"	
"edelta"	"NoNormalization"	"Contract-Compliance-edelta-rule-0-edelta-0-0"	"Proved"	"0.004"	
"edelta"	"NoNormalization"	"Contract-Compliance-edelta-rule-0-edelta-0-1"	"Proved"	"0.004"	
"edelta"	"NoNormalization"	"Contract-Compliance-edelta-rule-0-tdelta-0-0"	"Proved"	"0.006"	
"edelta"	"NoNormalization"	"Contract-Compliance-edelta-rule-0-cdelta-0-0"	"Proved"	"0.003"	
"edelta"	"NoNormalization"	"TOk-tdelta-0-0"	"Proved"	"0.003"	
"edelta"	"NoNormalization"	"TOk-tdelta-1-0"	"Proved"	"0.005"	
"edelta"	"NoNormalization"	"TOk-tdelta-1-1"	"Proved"	"0.006"	
"edelta"	"NoNormalization"	"TOk-tdelta-1-2"	"Proved"	"0.005"	
"edelta"	"NoNormalization"	"Lookup-cdelta-v-0-0"	"Proved"	"0.007"	
"edelta"	"NoNormalization"	"Lookup-cdelta-v-1-0"	"Proved"	"0.007"	
"edelta"	"NoNormalization"	"Lookup-cdelta-v-1-1"	"Proved"	"0.11"	
"edelta"	"NoNormalization"	"CtxOk-cdelta-0-0"	"Proved"	"0.002"	
"edelta"	"NoNormalization"	"CtxOk-cdelta-1-0"	"Proved"	"0.008"	
"edelta"	"NoNormalization"	"CtxOk-cdelta-1-1"	"Proved"	"0.007"	
"edelta"	"NoNormalization"	"CtxOk-cdelta-1-2"	"Proved"	"0.005"	
"edelta"	"NoNormalization"	"Typed-fit-0-0"	"Proved"	"24.449"	
"edelta"	"NoNormalization"	"Typed-fit-1-0"	"Proved"	"0.007"	
"edelta"	"NoNormalization"	"Typed-fit-2-0"	"Proved"	"0.008"	
"edelta"	"NoNormalization"	"Typed-fit-2-1"	"Proved"	"0.01"	
"edelta"	"NoNormalization"	"Typed-fit-2-2"	"Proved"	"0.008"	
"edelta"	"NoNormalization"	"Typed-fit-3-0"	"Inconclusive(Time limit)"	"30.1"	
"edelta"	"NoNormalization"	"Typed-fit-3-2"	"Proved"	"0.01"	
"edelta"	"NoNormalization"	"Typed-fit-4-0"	"Proved"	"0.005"	
"edelta"	"NoNormalization"	"T-edelta-0-0"	"Proved"	"9.238"	
"edelta"	"NoNormalization"	"T-edelta-1-0"	"Proved"	"0.009"	
"edelta"	"NoNormalization"	"T-edelta-2-0"	"Proved"	"0.009"	
"edelta"	"NoNormalization"	"T-edelta-2-1"	"Proved"	"0.011"	
"edelta"	"NoNormalization"	"T-edelta-2-2"	"Proved"	"0.011"	
"edelta"	"NoNormalization"	"T-edelta-3-0"	"Proved"	"0.007"	
"edelta"	"NoNormalization"	"T-edelta-3-3"	"Proved"	"0.015"	
"edelta"	"NoNormalization"	"T-edelta-3-4"	"Proved"	"0.01"	
"edelta"	"NoNormalization"	"T-edelta-4-0"	"Proved"	"0.007"	
"edelta"	"NoExistentialHints"	"Matching-tdelta-0"	"Proved"	"0.008"	
"edelta"	"NoExistentialHints"	"No-Overlap-tdelta-0-1-0"	"Proved"	"0.008"	
"edelta"	"NoExistentialHints"	"Matching-cdelta-0"	"Proved"	"0.008"	
"edelta"	"NoExistentialHints"	"No-Overlap-cdelta-0-1-0"	"Proved"	"0.005"	
"edelta"	"NoExistentialHints"	"Matching-fit-0"	"Proved"	"0.018"	
"edelta"	"NoExistentialHints"	"No-Overlap-fit-0-1-0"	"Proved"	"0.006"	
"edelta"	"NoExistentialHints"	"No-Overlap-fit-0-2-0"	"Proved"	"0.007"	
"edelta"	"NoExistentialHints"	"No-Overlap-fit-0-3-0"	"Proved"	"0.009"	
"edelta"	"NoExistentialHints"	"No-Overlap-fit-0-4-0"	"Proved"	"0.007"	
"edelta"	"NoExistentialHints"	"No-Overlap-fit-1-2-0"	"Proved"	"0.01"	
"edelta"	"NoExistentialHints"	"No-Overlap-fit-1-3-0"	"Proved"	"0.01"	
"edelta"	"NoExistentialHints"	"No-Overlap-fit-1-4-0"	"Proved"	"0.009"	
"edelta"	"NoExistentialHints"	"No-Overlap-fit-2-3-0"	"Proved"	"0.009"	
"edelta"	"NoExistentialHints"	"No-Overlap-fit-2-4-0"	"Proved"	"0.01"	
"edelta"	"NoExistentialHints"	"No-Overlap-fit-3-4-0"	"Proved"	"0.008"	
"edelta"	"NoExistentialHints"	"Matching-edelta-0"	"Proved"	"0.016"	
"edelta"	"NoExistentialHints"	"No-Overlap-edelta-0-1-0"	"Proved"	"0.007"	
"edelta"	"NoExistentialHints"	"No-Overlap-edelta-0-2-0"	"Proved"	"0.006"	
"edelta"	"NoExistentialHints"	"No-Overlap-edelta-0-3-0"	"Proved"	"0.008"	
"edelta"	"NoExistentialHints"	"No-Overlap-edelta-0-4-0"	"Proved"	"0.01"	
"edelta"	"NoExistentialHints"	"No-Overlap-edelta-1-2-0"	"Proved"	"0.009"	
"edelta"	"NoExistentialHints"	"No-Overlap-edelta-1-3-0"	"Proved"	"0.009"	
"edelta"	"NoExistentialHints"	"No-Overlap-edelta-1-4-0"	"Proved"	"0.013"	
"edelta"	"NoExistentialHints"	"No-Overlap-edelta-2-3-0"	"Proved"	"0.008"	
"edelta"	"NoExistentialHints"	"No-Overlap-edelta-2-4-0"	"Proved"	"0.009"	
"edelta"	"NoExistentialHints"	"No-Overlap-edelta-3-4-0"	"Proved"	"0.009"	
"edelta"	"NoExistentialHints"	"Contract-Compliance-tdelta-rewrite-1-tdelta-0-0"	"Proved"	"0.006"	
"edelta"	"NoExistentialHints"	"Contract-Compliance-tdelta-rewrite-1-tdelta-1-0"	"Proved"	"0.006"	
"edelta"	"NoExistentialHints"	"Contract-Compliance-tdelta-rule-0-tdelta-0-0"	"Proved"	"0.003"	
"edelta"	"NoExistentialHints"	"Contract-Compliance-cdelta-rewrite-1-tdelta-0-0"	"Proved"	"0.006"	
"edelta"	"NoExistentialHints"	"Contract-Compliance-cdelta-rewrite-1-cdelta-0-0"	"Proved"	"0.016"	
"edelta"	"NoExistentialHints"	"Contract-Compliance-cdelta-rule-0-cdelta-0-0"	"Proved"	"0.003"	
"edelta"	"NoExistentialHints"	"Contract-Compliance-cdelta-rule-1-cdelta-0-0"	"Proved"	"0.003"	
"edelta"	"NoExistentialHints"	"Contract-Compliance-cdelta-rule-1-tdelta-0-0"	"Proved"	"0.003"	
"edelta"	"NoExistentialHints"	"Contract-Compliance-cdelta-rule-2-cdelta-0-0"	"Proved"	"0.003"	
"edelta"	"NoExistentialHints"	"Contract-Compliance-fit-rewrite-2-fit-0-0"	"Proved"	"0.31"	
"edelta"	"NoExistentialHints"	"Contract-Compliance-fit-rewrite-2-fit-0-1"	"Proved"	"0.003"	
"edelta"	"NoExistentialHints"	"Contract-Compliance-fit-rewrite-2-fit-1-0"	"Proved"	"0.379"	
"edelta"	"NoExistentialHints"	"Contract-Compliance-fit-rewrite-2-fit-1-1"	"Proved"	"0.003"	
"edelta"	"NoExistentialHints"	"Contract-Compliance-fit-rewrite-3-fit-0-0"	"Proved"	"0.357"	
"edelta"	"NoExistentialHints"	"Contract-Compliance-fit-rewrite-3-fit-0-1"	"Proved"	"0.009"	
"edelta"	"NoExistentialHints"	"Contract-Compliance-fit-rewrite-4-fit-0-0"	"Proved"	"0.005"	
"edelta"	"NoExistentialHints"	"Contract-Compliance-fit-rewrite-4-fit-0-1"	"Proved"	"0.002"	
"edelta"	"NoExistentialHints"	"Contract-Compliance-fit-rewrite-4-fit-1-0"	"Proved"	"9.793"	
"edelta"	"NoExistentialHints"	"Contract-Compliance-fit-rewrite-4-fit-1-1"	"Proved"	"0.003"	
"edelta"	"NoExistentialHints"	"Contract-Compliance-fit-rule-0-fit-0-0"	"Proved"	"0.004"	
"edelta"	"NoExistentialHints"	"Contract-Compliance-fit-rule-0-fit-0-1"	"Proved"	"0.004"	
"edelta"	"NoExistentialHints"	"Contract-Compliance-fit-rule-0-cdelta-0-0"	"Proved"	"0.003"	
"edelta"	"NoExistentialHints"	"Contract-Compliance-edelta-rewrite-2-edelta-0-0"	"Proved"	"0.327"	
"edelta"	"NoExistentialHints"	"Contract-Compliance-edelta-rewrite-2-edelta-0-1"	"Proved"	"0.003"	
"edelta"	"NoExistentialHints"	"Contract-Compliance-edelta-rewrite-2-edelta-1-0"	"Proved"	"0.315"	
"edelta"	"NoExistentialHints"	"Contract-Compliance-edelta-rewrite-2-edelta-1-1"	"Proved"	"0.003"	
"edelta"	"NoExistentialHints"	"Contract-Compliance-edelta-rewrite-3-edelta-0-0"	"Proved"	"0.36"	
"edelta"	"NoExistentialHints"	"Contract-Compliance-edelta-rewrite-3-edelta-0-1"	"Proved"	"0.01"	
"edelta"	"NoExistentialHints"	"Contract-Compliance-edelta-rewrite-3-tdelta-0-0"	"Proved"	"0.009"	
"edelta"	"NoExistentialHints"	"Contract-Compliance-edelta-rewrite-4-fit-0-0"	"Proved"	"9.763"	
"edelta"	"NoExistentialHints"	"Contract-Compliance-edelta-rewrite-4-fit-0-1"	"Proved"	"0.004"	
"edelta"	"NoExistentialHints"	"Contract-Compliance-edelta-rewrite-4-edelta-0-0"	"Proved"	"0.004"	
"edelta"	"NoExistentialHints"	"Contract-Compliance-edelta-rewrite-4-edelta-0-1"	"Proved"	"0.003"	
"edelta"	"NoExistentialHints"	"Contract-Compliance-edelta-rewrite-4-edelta-1-0"	"Proved"	"9.796"	
"edelta"	"NoExistentialHints"	"Contract-Compliance-edelta-rewrite-4-edelta-1-1"	"Proved"	"0.003"	
"edelta"	"NoExistentialHints"	"Contract-Compliance-edelta-rule-0-edelta-0-0"	"Proved"	"0.003"	
"edelta"	"NoExistentialHints"	"Contract-Compliance-edelta-rule-0-edelta-0-1"	"Proved"	"0.003"	
"edelta"	"NoExistentialHints"	"Contract-Compliance-edelta-rule-0-tdelta-0-0"	"Proved"	"0.005"	
"edelta"	"NoExistentialHints"	"Contract-Compliance-edelta-rule-0-cdelta-0-0"	"Proved"	"0.003"	
"edelta"	"NoExistentialHints"	"TOk-tdelta-0-0"	"Proved"	"0.003"	
"edelta"	"NoExistentialHints"	"TOk-tdelta-1-0"	"Proved"	"0.006"	
"edelta"	"NoExistentialHints"	"TOk-tdelta-1-1"	"Proved"	"0.005"	
"edelta"	"NoExistentialHints"	"TOk-tdelta-1-2"	"Proved"	"0.006"	
"edelta"	"NoExistentialHints"	"Lookup-cdelta-v-0-0"	"Proved"	"0.008"	
"edelta"	"NoExistentialHints"	"Lookup-cdelta-v-1-0"	"Proved"	"0.006"	
"edelta"	"NoExistentialHints"	"Lookup-cdelta-v-1-1"	"Proved"	"0.101"	
"edelta"	"NoExistentialHints"	"CtxOk-cdelta-0-0"	"Proved"	"0.003"	
"edelta"	"NoExistentialHints"	"CtxOk-cdelta-1-0"	"Proved"	"0.007"	
"edelta"	"NoExistentialHints"	"CtxOk-cdelta-1-1"	"Proved"	"0.007"	
"edelta"	"NoExistentialHints"	"CtxOk-cdelta-1-2"	"Proved"	"0.005"	
"edelta"	"NoExistentialHints"	"Typed-fit-0-0"	"Proved"	"24.484"	
"edelta"	"NoExistentialHints"	"Typed-fit-1-0"	"Proved"	"0.003"	
"edelta"	"NoExistentialHints"	"Typed-fit-2-0"	"Proved"	"0.008"	
"edelta"	"NoExistentialHints"	"Typed-fit-2-1"	"Proved"	"0.011"	
"edelta"	"NoExistentialHints"	"Typed-fit-2-2"	"Proved"	"0.009"	
"edelta"	"NoExistentialHints"	"Typed-fit-3-0"	"Proved"	"0.014"	
"edelta"	"NoExistentialHints"	"Typed-fit-3-2"	"Proved"	"0.011"	
"edelta"	"NoExistentialHints"	"Typed-fit-4-0"	"Proved"	"0.006"	
"edelta"	"NoExistentialHints"	"T-edelta-0-0"	"Proved"	"9.227"	
"edelta"	"NoExistentialHints"	"T-edelta-1-0"	"Proved"	"0.011"	
"edelta"	"NoExistentialHints"	"T-edelta-2-0"	"Proved"	"0.009"	
"edelta"	"NoExistentialHints"	"T-edelta-2-1"	"Proved"	"0.011"	
"edelta"	"NoExistentialHints"	"T-edelta-2-2"	"Proved"	"0.012"	
"edelta"	"NoExistentialHints"	"T-edelta-3-0"	"Proved"	"0.628"	
"edelta"	"NoExistentialHints"	"T-edelta-3-3"	"Proved"	"0.014"	
"edelta"	"NoExistentialHints"	"T-edelta-3-4"	"Proved"	"0.009"	
"edelta"	"NoExistentialHints"	"T-edelta-4-0"	"Proved"	"0.007"	
"edelta"	"NoDropUnreachable"	"Matching-tdelta-0"	"Proved"	"0.006"	
"edelta"	"NoDropUnreachable"	"No-Overlap-tdelta-0-1-0"	"Proved"	"0.006"	
"edelta"	"NoDropUnreachable"	"Matching-cdelta-0"	"Proved"	"0.005"	
"edelta"	"NoDropUnreachable"	"No-Overlap-cdelta-0-1-0"	"Proved"	"0.006"	
"edelta"	"NoDropUnreachable"	"Matching-fit-0"	"Proved"	"0.02"	
"edelta"	"NoDropUnreachable"	"No-Overlap-fit-0-1-0"	"Proved"	"0.008"	
"edelta"	"NoDropUnreachable"	"No-Overlap-fit-0-2-0"	"Proved"	"0.009"	
"edelta"	"NoDropUnreachable"	"No-Overlap-fit-0-3-0"	"Proved"	"0.007"	
"edelta"	"NoDropUnreachable"	"No-Overlap-fit-0-4-0"	"Proved"	"0.009"	
"edelta"	"NoDropUnreachable"	"No-Overlap-fit-1-2-0"	"Proved"	"0.008"	
"edelta"	"NoDropUnreachable"	"No-Overlap-fit-1-3-0"	"Proved"	"0.011"	
"edelta"	"NoDropUnreachable"	"No-Overlap-fit-1-4-0"	"Proved"	"0.008"	
"edelta"	"NoDropUnreachable"	"No-Overlap-fit-2-3-0"	"Proved"	"0.009"	
"edelta"	"NoDropUnreachable"	"No-Overlap-fit-2-4-0"	"Proved"	"0.009"	
"edelta"	"NoDropUnreachable"	"No-Overlap-fit-3-4-0"	"Proved"	"0.01"	
"edelta"	"NoDropUnreachable"	"Matching-edelta-0"	"Proved"	"0.026"	
"edelta"	"NoDropUnreachable"	"No-Overlap-edelta-0-1-0"	"Proved"	"0.008"	
"edelta"	"NoDropUnreachable"	"No-Overlap-edelta-0-2-0"	"Proved"	"0.008"	
"edelta"	"NoDropUnreachable"	"No-Overlap-edelta-0-3-0"	"Proved"	"0.007"	
"edelta"	"NoDropUnreachable"	"No-Overlap-edelta-0-4-0"	"Proved"	"0.012"	
"edelta"	"NoDropUnreachable"	"No-Overlap-edelta-1-2-0"	"Proved"	"0.009"	
"edelta"	"NoDropUnreachable"	"No-Overlap-edelta-1-3-0"	"Proved"	"0.007"	
"edelta"	"NoDropUnreachable"	"No-Overlap-edelta-1-4-0"	"Proved"	"0.01"	
"edelta"	"NoDropUnreachable"	"No-Overlap-edelta-2-3-0"	"Proved"	"0.007"	
"edelta"	"NoDropUnreachable"	"No-Overlap-edelta-2-4-0"	"Proved"	"0.009"	
"edelta"	"NoDropUnreachable"	"No-Overlap-edelta-3-4-0"	"Proved"	"0.009"	
"edelta"	"NoDropUnreachable"	"Contract-Compliance-tdelta-rewrite-1-tdelta-0-0"	"Proved"	"0.007"	
"edelta"	"NoDropUnreachable"	"Contract-Compliance-tdelta-rewrite-1-tdelta-1-0"	"Proved"	"0.007"	
"edelta"	"NoDropUnreachable"	"Contract-Compliance-tdelta-rule-0-tdelta-0-0"	"Proved"	"0.004"	
"edelta"	"NoDropUnreachable"	"Contract-Compliance-cdelta-rewrite-1-tdelta-0-0"	"Proved"	"0.006"	
"edelta"	"NoDropUnreachable"	"Contract-Compliance-cdelta-rewrite-1-cdelta-0-0"	"Proved"	"0.016"	
"edelta"	"NoDropUnreachable"	"Contract-Compliance-cdelta-rule-0-cdelta-0-0"	"Proved"	"0.004"	
"edelta"	"NoDropUnreachable"	"Contract-Compliance-cdelta-rule-1-cdelta-0-0"	"Proved"	"0.004"	
"edelta"	"NoDropUnreachable"	"Contract-Compliance-cdelta-rule-1-tdelta-0-0"	"Proved"	"0.004"	
"edelta"	"NoDropUnreachable"	"Contract-Compliance-cdelta-rule-2-cdelta-0-0"	"Proved"	"0.005"	
"edelta"	"NoDropUnreachable"	"Contract-Compliance-fit-rewrite-2-fit-0-0"	"Proved"	"9.176"	
"edelta"	"NoDropUnreachable"	"Contract-Compliance-fit-rewrite-2-fit-0-1"	"Proved"	"0.004"	
"edelta"	"NoDropUnreachable"	"Contract-Compliance-fit-rewrite-2-fit-1-0"	"Proved"	"9.176"	
"edelta"	"NoDropUnreachable"	"Contract-Compliance-fit-rewrite-2-fit-1-1"	"Proved"	"0.004"	
"edelta"	"NoDropUnreachable"	"Contract-Compliance-fit-rewrite-3-fit-0-0"	"Proved"	"9.786"	
"edelta"	"NoDropUnreachable"	"Contract-Compliance-fit-rewrite-3-fit-0-1"	"Proved"	"0.011"	
"edelta"	"NoDropUnreachable"	"Contract-Compliance-fit-rewrite-4-fit-0-0"	"Proved"	"0.005"	
"edelta"	"NoDropUnreachable"	"Contract-Compliance-fit-rewrite-4-fit-0-1"	"Proved"	"0.004"	
"edelta"	"NoDropUnreachable"	"Contract-Compliance-fit-rewrite-4-fit-1-0"	"Proved"	"9.812"	
"edelta"	"NoDropUnreachable"	"Contract-Compliance-fit-rewrite-4-fit-1-1"	"Proved"	"0.004"	
"edelta"	"NoDropUnreachable"	"Contract-Compliance-fit-rule-0-fit-0-0"	"Proved"	"0.004"	
"edelta"	"NoDropUnreachable"	"Contract-Compliance-fit-rule-0-fit-0-1"	"Proved"	"0.004"	
"edelta"	"NoDropUnreachable"	"Contract-Compliance-fit-rule-0-cdelta-0-0"	"Proved"	"0.005"	
"edelta"	"NoDropUnreachable"	"Contract-Compliance-edelta-rewrite-2-edelta-0-0"	"Proved"	"9.174"	
"edelta"	"NoDropUnreachable"	"Contract-Compliance-edelta-rewrite-2-edelta-0-1"	"Proved"	"0.004"	
"edelta"	"NoDropUnreachable"	"Contract-Compliance-edelta-rewrite-2-edelta-1-0"	"Proved"	"9.172"	
"edelta"	"NoDropUnreachable"	"Contract-Compliance-edelta-rewrite-2-edelta-1-1"	"Proved"	"0.006"	
"edelta"	"NoDropUnreachable"	"Contract-Compliance-edelta-rewrite-3-edelta-0-0"	"Proved"	"9.787"	
"edelta"	"NoDropUnreachable"	"Contract-Compliance-edelta-rewrite-3-edelta-0-1"	"Proved"	"0.013"	
"edelta"	"NoDropUnreachable"	"Contract-Compliance-edelta-rewrite-3-tdelta-0-0"	"Proved"	"0.013"	
"edelta"	"NoDropUnreachable"	"Contract-Compliance-edelta-rewrite-4-fit-0-0"	"Proved"	"25.201"	
"edelta"	"NoDropUnreachable"	"Contract-Compliance-edelta-rewrite-4-fit-0-1"	"Proved"	"0.005"	
"edelta"	"NoDropUnreachable"	"Contract-Compliance-edelta-rewrite-4-edelta-0-0"	"Proved"	"0.004"	
"edelta"	"NoDropUnreachable"	"Contract-Compliance-edelta-rewrite-4-edelta-0-1"	"Proved"	"0.004"	
"edelta"	"NoDropUnreachable"	"Contract-Compliance-edelta-rewrite-4-edelta-1-0"	"Proved"	"25.15"	
"edelta"	"NoDropUnreachable"	"Contract-Compliance-edelta-rewrite-4-edelta-1-1"	"Proved"	"0.005"	
"edelta"	"NoDropUnreachable"	"Contract-Compliance-edelta-rule-0-edelta-0-0"	"Proved"	"0.006"	
"edelta"	"NoDropUnreachable"	"Contract-Compliance-edelta-rule-0-edelta-0-1"	"Proved"	"0.005"	
"edelta"	"NoDropUnreachable"	"Contract-Compliance-edelta-rule-0-tdelta-0-0"	"Proved"	"0.006"	
"edelta"	"NoDropUnreachable"	"Contract-Compliance-edelta-rule-0-cdelta-0-0"	"Proved"	"0.005"	
"edelta"	"NoDropUnreachable"	"TOk-tdelta-0-0"	"Proved"	"0.005"	
"edelta"	"NoDropUnreachable"	"TOk-tdelta-1-0"	"Proved"	"0.006"	
"edelta"	"NoDropUnreachable"	"TOk-tdelta-1-1"	"Proved"	"0.005"	
"edelta"	"NoDropUnreachable"	"TOk-tdelta-1-2"	"Proved"	"0.005"	
"edelta"	"NoDropUnreachable"	"Lookup-cdelta-v-0-0"	"Proved"	"0.006"	
"edelta"	"NoDropUnreachable"	"Lookup-cdelta-v-1-0"	"Proved"	"0.005"	
"edelta"	"NoDropUnreachable"	"Lookup-cdelta-v-1-1"	"Proved"	"0.102"	
"edelta"	"NoDropUnreachable"	"CtxOk-cdelta-0-0"	"Proved"	"0.004"	
"edelta"	"NoDropUnreachable"	"CtxOk-cdelta-1-0"	"Proved"	"0.007"	
"edelta"	"NoDropUnreachable"	"CtxOk-cdelta-1-1"	"Proved"	"0.007"	
"edelta"	"NoDropUnreachable"	"CtxOk-cdelta-1-2"	"Proved"	"0.007"	
"edelta"	"NoDropUnreachable"	"Typed-fit-0-0"	"Proved"	"22.438"	
"edelta"	"NoDropUnreachable"	"Typed-fit-1-0"	"Proved"	"0.004"	
"edelta"	"NoDropUnreachable"	"Typed-fit-2-0"	"Proved"	"0.009"	
"edelta"	"NoDropUnreachable"	"Typed-fit-2-1"	"Proved"	"0.01"	
"edelta"	"NoDropUnreachable"	"Typed-fit-2-2"	"Proved"	"0.009"	
"edelta"	"NoDropUnreachable"	"Typed-fit-3-0"	"Proved"	"0.01"	
"edelta"	"NoDropUnreachable"	"Typed-fit-3-2"	"Proved"	"0.012"	
"edelta"	"NoDropUnreachable"	"Typed-fit-4-0"	"Proved"	"0.005"	
"edelta"	"NoDropUnreachable"	"T-edelta-0-0"	"Proved"	"9.242"	
"edelta"	"NoDropUnreachable"	"T-edelta-1-0"	"Proved"	"0.011"	
"edelta"	"NoDropUnreachable"	"T-edelta-2-0"	"Proved"	"0.01"	
"edelta"	"NoDropUnreachable"	"T-edelta-2-1"	"Proved"	"0.011"	
"edelta"	"NoDropUnreachable"	"T-edelta-2-2"	"Proved"	"0.011"	
"edelta"	"NoDropUnreachable"	"T-edelta-3-0"	"Proved"	"0.008"	
"edelta"	"NoDropUnreachable"	"T-edelta-3-3"	"Proved"	"0.017"	
"edelta"	"NoDropUnreachable"	"T-edelta-3-4"	"Proved"	"0.013"	
"edelta"	"NoDropUnreachable"	"T-edelta-4-0"	"Proved"	"0.007"	
"edelta"	"None"	"Matching-tdelta"	"Proved"	"0.006"	
"edelta"	"None"	"No-Overlap-tdelta-0-1"	"Proved"	"0.007"	
"edelta"	"None"	"Matching-cdelta"	"Proved"	"0.007"	
"edelta"	"None"	"No-Overlap-cdelta-0-1"	"Proved"	"0.007"	
"edelta"	"None"	"Matching-fit"	"Proved"	"0.021"	
"edelta"	"None"	"No-Overlap-fit-0-1"	"Proved"	"0.007"	
"edelta"	"None"	"No-Overlap-fit-0-2"	"Proved"	"0.009"	
"edelta"	"None"	"No-Overlap-fit-0-3"	"Proved"	"0.008"	
"edelta"	"None"	"No-Overlap-fit-0-4"	"Proved"	"0.01"	
"edelta"	"None"	"No-Overlap-fit-1-2"	"Proved"	"0.007"	
"edelta"	"None"	"No-Overlap-fit-1-3"	"Proved"	"0.012"	
"edelta"	"None"	"No-Overlap-fit-1-4"	"Proved"	"0.008"	
"edelta"	"None"	"No-Overlap-fit-2-3"	"Proved"	"0.01"	
"edelta"	"None"	"No-Overlap-fit-2-4"	"Proved"	"0.008"	
"edelta"	"None"	"No-Overlap-fit-3-4"	"Proved"	"0.009"	
"edelta"	"None"	"Matching-edelta"	"Proved"	"0.023"	
"edelta"	"None"	"No-Overlap-edelta-0-1"	"Proved"	"0.009"	
"edelta"	"None"	"No-Overlap-edelta-0-2"	"Proved"	"0.008"	
"edelta"	"None"	"No-Overlap-edelta-0-3"	"Proved"	"0.009"	
"edelta"	"None"	"No-Overlap-edelta-0-4"	"Proved"	"0.011"	
"edelta"	"None"	"No-Overlap-edelta-1-2"	"Proved"	"0.008"	
"edelta"	"None"	"No-Overlap-edelta-1-3"	"Proved"	"0.01"	
"edelta"	"None"	"No-Overlap-edelta-1-4"	"Proved"	"0.009"	
"edelta"	"None"	"No-Overlap-edelta-2-3"	"Proved"	"0.009"	
"edelta"	"None"	"No-Overlap-edelta-2-4"	"Proved"	"0.008"	
"edelta"	"None"	"No-Overlap-edelta-3-4"	"Proved"	"0.01"	
"edelta"	"None"	"Contract-Compliance-tdelta-rewrite-1-tdelta-0"	"Proved"	"0.007"	
"edelta"	"None"	"Contract-Compliance-tdelta-rewrite-1-tdelta-1"	"Proved"	"0.007"	
"edelta"	"None"	"Contract-Compliance-tdelta-rule-0-tdelta-0"	"Proved"	"0.006"	
"edelta"	"None"	"Contract-Compliance-cdelta-rewrite-1-tdelta-0"	"Proved"	"0.008"	
"edelta"	"None"	"Contract-Compliance-cdelta-rewrite-1-cdelta-0"	"Proved"	"0.018"	
"edelta"	"None"	"Contract-Compliance-cdelta-rule-0-cdelta-0"	"Proved"	"0.005"	
"edelta"	"None"	"Contract-Compliance-cdelta-rule-1-cdelta-0"	"Proved"	"0.006"	
"edelta"	"None"	"Contract-Compliance-cdelta-rule-1-tdelta-0"	"Proved"	"0.005"	
"edelta"	"None"	"Contract-Compliance-cdelta-rule-2-cdelta-0"	"Proved"	"0.005"	
"edelta"	"None"	"Contract-Compliance-fit-rewrite-2-fit-0"	"Proved"	"9.179"	
"edelta"	"None"	"Contract-Compliance-fit-rewrite-2-fit-1"	"Proved"	"9.18"	
"edelta"	"None"	"Contract-Compliance-fit-rewrite-3-fit-0"	"Proved"	"9.79"	
"edelta"	"None"	"Contract-Compliance-fit-rewrite-4-fit-0"	"Proved"	"0.005"	
"edelta"	"None"	"Contract-Compliance-fit-rewrite-4-fit-1"	"Proved"	"9.81"	
"edelta"	"None"	"Contract-Compliance-fit-rule-0-fit-0"	"Proved"	"0.005"	
"edelta"	"None"	"Contract-Compliance-fit-rule-0-cdelta-0"	"Proved"	"0.006"	
"edelta"	"None"	"Contract-Compliance-edelta-rewrite-2-edelta-0"	"Proved"	"9.162"	
"edelta"	"None"	"Contract-Compliance-edelta-rewrite-2-edelta-1"	"Proved"	"9.176"	
"edelta"	"None"	"Contract-Compliance-edelta-rewrite-3-edelta-0"	"Proved"	"9.782"	
"edelta"	"None"	"Contract-Compliance-edelta-rewrite-3-tdelta-0"	"Proved"	"0.013"	
"edelta"	"None"	"Contract-Compliance-edelta-rewrite-4-fit-0"	"Proved"	"9.814"	
"edelta"	"None"	"Contract-Compliance-edelta-rewrite-4-edelta-0"	"Proved"	"0.006"	
"edelta"	"None"	"Contract-Compliance-edelta-rewrite-4-edelta-1"	"Proved"	"9.84"	
"edelta"	"None"	"Contract-Compliance-edelta-rule-0-edelta-0"	"Proved"	"0.006"	
"edelta"	"None"	"Contract-Compliance-edelta-rule-0-tdelta-0"	"Proved"	"0.007"	
"edelta"	"None"	"Contract-Compliance-edelta-rule-0-cdelta-0"	"Proved"	"0.005"	
"edelta"	"None"	"TOk-tdelta-0"	"Proved"	"0.005"	
"edelta"	"None"	"TOk-tdelta-1"	"Proved"	"0.008"	
"edelta"	"None"	"Lookup-cdelta-v-0"	"Proved"	"0.006"	
"edelta"	"None"	"Lookup-cdelta-v-1"	"Inconclusive(Time limit)"	"30.032"	
"edelta"	"None"	"CtxOk-cdelta-0"	"Proved"	"0.005"	
"edelta"	"None"	"CtxOk-cdelta-1"	"Proved"	"2.782"	
"edelta"	"None"	"Typed-fit-0"	"Proved"	"9.178"	
"edelta"	"None"	"Typed-fit-1"	"Proved"	"0.009"	
"edelta"	"None"	"Typed-fit-2"	"Proved"	"0.128"	
"edelta"	"None"	"Typed-fit-3"	"Inconclusive(Time limit)"	"30.1"	
"edelta"	"None"	"Typed-fit-4"	"Proved"	"0.008"	
"edelta"	"None"	"T-edelta-0"	"Proved"	"9.236"	
"edelta"	"None"	"T-edelta-1"	"Proved"	"0.009"	
"edelta"	"None"	"T-edelta-2"	"Proved"	"0.221"	
"edelta"	"None"	"T-edelta-3"	"Proved"	"21.09"	
"edelta"	"None"	"T-edelta-4"	"Proved"	"0.086"	
